<?xml version="1.0" encoding="UTF-8"?>
<!DOCTYPE mapper PUBLIC "-//mybatis.org//DTD Mapper 3.0//EN"
  "http://mybatis.org/dtd/mybatis-3-mapper.dtd">
<mapper namespace="com.newfiber.workflow.parent.dao.CountersignDao">
  <resultMap id="BaseResultMap" type="com.newfiber.workflow.parent.entity.Countersign">
    <id column="id" jdbcType="INTEGER" property="id"/>
    <result column="workflow_instance_id" jdbcType="VARCHAR" property="workflowInstanceId"/>
    <result column="status" jdbcType="VARCHAR" property="status"/>
    <result column="apply_note" jdbcType="VARCHAR" property="applyNote"/>
    <result column="apply_datetime" jdbcType="TIMESTAMP" property="applyDatetime"/>
  </resultMap>

  <sql id="Base_Column_List">
        t.id
        , t.workflow_instance_id
        , t.status
        , t.apply_note
        , t.apply_datetime
    </sql>

  <sql id="where_condition">
    <trim prefix="WHERE" prefixOverrides="AND | OR">
      <if test="id != null">
        AND t.id = #{id, jdbcType=INTEGER}
      </if>
      <if test="workflowInstanceId != null and workflowInstanceId != '' ">
        AND t.workflow_instance_id = #{workflowInstanceId, jdbcType=VARCHAR}
      </if>
      <if test="status != null and status != '' ">
        AND t.status = #{status, jdbcType=VARCHAR}
      </if>
      <if test="applyNote != null and applyNote != '' ">
        AND t.apply_note = #{applyNote, jdbcType=VARCHAR}
      </if>
    </trim>
  </sql>

  <!-- 组合条件查询 -->
  <select id="selectByCondition" parameterType="com.newfiber.workflow.parent.entity.Countersign"
    resultMap="BaseResultMap">
    select
    <include refid="Base_Column_List"/>
    from biz_countersign t
    <include refid="where_condition"/>
  </select>
</mapper>
