<?xml version="1.0" encoding="UTF-8"?>
<definitions xmlns="http://www.omg.org/spec/BPMN/20100524/MODEL" xmlns:xsi="http://www.w3.org/2001/XMLSchema-instance" xmlns:xsd="http://www.w3.org/2001/XMLSchema" xmlns:activiti="http://activiti.org/bpmn" xmlns:bpmndi="http://www.omg.org/spec/BPMN/20100524/DI" xmlns:omgdc="http://www.omg.org/spec/DD/20100524/DC" xmlns:omgdi="http://www.omg.org/spec/DD/20100524/DI" typeLanguage="http://www.w3.org/2001/XMLSchema" expressionLanguage="http://www.w3.org/1999/XPath" targetNamespace="http://www.activiti.org/processdef">
  <process id="Countersign" name="会签" isExecutable="true">
    <startEvent id="start"></startEvent>
    <userTask id="approve" name="审核" activiti:assignee="${approveUserId}">
      <extensionElements>
        <modeler:initiator-can-complete xmlns:modeler="http://activiti.com/modeler"><![CDATA[false]]></modeler:initiator-can-complete>
      </extensionElements>
    </userTask>
    <userTask id="countsign" name="会签" activiti:assignee="${approveUserId}">
      <extensionElements>
        <modeler:initiator-can-complete xmlns:modeler="http://activiti.com/modeler"><![CDATA[false]]></modeler:initiator-can-complete>
      </extensionElements>
      <multiInstanceLoopCharacteristics isSequential="false" activiti:collection="approveUserIdList" activiti:elementVariable="approveUserId">
        <completionCondition>${(approveResult=='false')||(nrOfCompletedInstances/nrOfInstances==1)}</completionCondition>
      </multiInstanceLoopCharacteristics>
    </userTask>
    <endEvent id="end">
      <extensionElements>
        <activiti:executionListener event="start" class="com.newfiber.workflow.support.listener.WorkflowEndListener"></activiti:executionListener>
      </extensionElements>
    </endEvent>
    <sequenceFlow id="sid-F620818B-FA84-400C-929C-01AE71A9950A" sourceRef="start" targetRef="approve">
      <conditionExpression xsi:type="tFormalExpression"><![CDATA[${approveResult=='true'}]]></conditionExpression>
    </sequenceFlow>
    <sequenceFlow id="sid-116B9703-C22B-42C3-BC10-DE418FA1E9DF" sourceRef="countsign" targetRef="end">
      <conditionExpression xsi:type="tFormalExpression"><![CDATA[${approveResult=='true'}]]></conditionExpression>
    </sequenceFlow>
    <sequenceFlow id="sid-B3135EE6-8FC4-4A10-8261-D76DBC6188DB" sourceRef="approve" targetRef="countsign">
      <conditionExpression xsi:type="tFormalExpression"><![CDATA[${approveResult=='true'}]]></conditionExpression>
    </sequenceFlow>
    <sequenceFlow id="sid-62BA7994-C64C-4C40-B425-5CAE7D55B71A" sourceRef="countsign" targetRef="approve">
      <conditionExpression xsi:type="tFormalExpression"><![CDATA[${approveResult=='false'}]]></conditionExpression>
    </sequenceFlow>
  </process>
  <bpmndi:BPMNDiagram id="BPMNDiagram_Countersign">
    <bpmndi:BPMNPlane bpmnElement="Countersign" id="BPMNPlane_Countersign">
      <bpmndi:BPMNShape bpmnElement="start" id="BPMNShape_start">
        <omgdc:Bounds height="30.0" width="30.0" x="100.0" y="163.0"></omgdc:Bounds>
      </bpmndi:BPMNShape>
      <bpmndi:BPMNShape bpmnElement="approve" id="BPMNShape_approve">
        <omgdc:Bounds height="80.0" width="100.0" x="175.0" y="138.0"></omgdc:Bounds>
      </bpmndi:BPMNShape>
      <bpmndi:BPMNShape bpmnElement="countsign" id="BPMNShape_countsign">
        <omgdc:Bounds height="80.0" width="100.0" x="320.0" y="138.0"></omgdc:Bounds>
      </bpmndi:BPMNShape>
      <bpmndi:BPMNShape bpmnElement="end" id="BPMNShape_end">
        <omgdc:Bounds height="28.0" width="28.0" x="465.0" y="164.0"></omgdc:Bounds>
      </bpmndi:BPMNShape>
      <bpmndi:BPMNEdge bpmnElement="sid-B3135EE6-8FC4-4A10-8261-D76DBC6188DB" id="BPMNEdge_sid-B3135EE6-8FC4-4A10-8261-D76DBC6188DB">
        <omgdi:waypoint x="275.0" y="178.0"></omgdi:waypoint>
        <omgdi:waypoint x="320.0" y="178.0"></omgdi:waypoint>
      </bpmndi:BPMNEdge>
      <bpmndi:BPMNEdge bpmnElement="sid-116B9703-C22B-42C3-BC10-DE418FA1E9DF" id="BPMNEdge_sid-116B9703-C22B-42C3-BC10-DE418FA1E9DF">
        <omgdi:waypoint x="420.0" y="178.0"></omgdi:waypoint>
        <omgdi:waypoint x="465.0" y="178.0"></omgdi:waypoint>
      </bpmndi:BPMNEdge>
      <bpmndi:BPMNEdge bpmnElement="sid-62BA7994-C64C-4C40-B425-5CAE7D55B71A" id="BPMNEdge_sid-62BA7994-C64C-4C40-B425-5CAE7D55B71A">
        <omgdi:waypoint x="370.0" y="218.0"></omgdi:waypoint>
        <omgdi:waypoint x="370.0" y="273.0"></omgdi:waypoint>
        <omgdi:waypoint x="225.0" y="273.0"></omgdi:waypoint>
        <omgdi:waypoint x="225.0" y="218.0"></omgdi:waypoint>
      </bpmndi:BPMNEdge>
      <bpmndi:BPMNEdge bpmnElement="sid-F620818B-FA84-400C-929C-01AE71A9950A" id="BPMNEdge_sid-F620818B-FA84-400C-929C-01AE71A9950A">
        <omgdi:waypoint x="130.0" y="178.0"></omgdi:waypoint>
        <omgdi:waypoint x="175.0" y="178.0"></omgdi:waypoint>
      </bpmndi:BPMNEdge>
    </bpmndi:BPMNPlane>
  </bpmndi:BPMNDiagram>
</definitions>