<?xml version="1.0" encoding="UTF-8"?>
<definitions xmlns="http://www.omg.org/spec/BPMN/20100524/MODEL" xmlns:xsi="http://www.w3.org/2001/XMLSchema-instance" xmlns:xsd="http://www.w3.org/2001/XMLSchema" xmlns:activiti="http://activiti.org/bpmn" xmlns:bpmndi="http://www.omg.org/spec/BPMN/20100524/DI" xmlns:omgdc="http://www.omg.org/spec/DD/20100524/DC" xmlns:omgdi="http://www.omg.org/spec/DD/20100524/DI" typeLanguage="http://www.w3.org/2001/XMLSchema" expressionLanguage="http://www.w3.org/1999/XPath" targetNamespace="http://www.activiti.org/processdef">
  <process id="PatrolApply" name="管网巡查" isExecutable="true">
    <documentation>管网巡查</documentation>
    <startEvent id="start" name="开始"></startEvent>
    <userTask id="patrolerStart" name="巡查人员开始巡查" activiti:assignee="${approveUserId}">
      <extensionElements>
        <modeler:initiator-can-complete xmlns:modeler="http://activiti.com/modeler"><![CDATA[false]]></modeler:initiator-can-complete>
      </extensionElements>
    </userTask>
    <userTask id="chargerApprove1" name="负责人审核" activiti:candidateGroups="1">
      <extensionElements>
        <modeler:group-info-name-1 xmlns:modeler="http://activiti.com/modeler"><![CDATA[ADMIN]]></modeler:group-info-name-1>
        <modeler:activiti-idm-candidate-group xmlns:modeler="http://activiti.com/modeler"><![CDATA[true]]></modeler:activiti-idm-candidate-group>
        <modeler:initiator-can-complete xmlns:modeler="http://activiti.com/modeler"><![CDATA[false]]></modeler:initiator-can-complete>
      </extensionElements>
    </userTask>
    <userTask id="managerApprove" name="处理人处理" activiti:candidateUsers="218">
      <extensionElements>
        <modeler:user-info-firstname-218 xmlns:modeler="http://activiti.com/modeler"><![CDATA[xiongkai]]></modeler:user-info-firstname-218>
        <modeler:user-info-lastname-218 xmlns:modeler="http://activiti.com/modeler"><![CDATA[18772346904]]></modeler:user-info-lastname-218>
        <modeler:activiti-idm-candidate-user xmlns:modeler="http://activiti.com/modeler"><![CDATA[true]]></modeler:activiti-idm-candidate-user>
        <modeler:initiator-can-complete xmlns:modeler="http://activiti.com/modeler"><![CDATA[false]]></modeler:initiator-can-complete>
      </extensionElements>
    </userTask>
    <exclusiveGateway id="sid-5645508A-B764-48DC-93F0-CC06C2FDC399"></exclusiveGateway>
    <exclusiveGateway id="sid-85338F1B-DA16-4F30-81BB-8B7F33BC8167"></exclusiveGateway>
    <userTask id="patrolerApprove" name="巡查人员处理" activiti:assignee="${approveUserId}">
      <extensionElements>
        <modeler:initiator-can-complete xmlns:modeler="http://activiti.com/modeler"><![CDATA[false]]></modeler:initiator-can-complete>
      </extensionElements>
    </userTask>
    <userTask id="chargerApprove2" name="负责人审核" activiti:candidateGroups="3">
      <extensionElements>
        <modeler:group-info-name-3 xmlns:modeler="http://activiti.com/modeler"><![CDATA[新烽开发人员]]></modeler:group-info-name-3>
        <modeler:activiti-idm-candidate-group xmlns:modeler="http://activiti.com/modeler"><![CDATA[true]]></modeler:activiti-idm-candidate-group>
        <modeler:initiator-can-complete xmlns:modeler="http://activiti.com/modeler"><![CDATA[false]]></modeler:initiator-can-complete>
      </extensionElements>
    </userTask>
    <sequenceFlow id="sid-39A109CD-70E5-426A-A807-1B5B223DDA72" sourceRef="start" targetRef="patrolerStart"></sequenceFlow>
    <exclusiveGateway id="sid-506505FD-FFAF-487E-B562-F6745CB55D1D"></exclusiveGateway>
    <sequenceFlow id="sid-EF543DE6-8A1E-45FC-A0C4-18C7C552936C" sourceRef="chargerApprove2" targetRef="sid-506505FD-FFAF-487E-B562-F6745CB55D1D"></sequenceFlow>
    <userTask id="leaderApprove" name="领导审核" activiti:assignee="${approveUserId}">
      <extensionElements>
        <modeler:initiator-can-complete xmlns:modeler="http://activiti.com/modeler"><![CDATA[false]]></modeler:initiator-can-complete>
      </extensionElements>
    </userTask>
    <exclusiveGateway id="sid-B282D6F1-4F44-4713-BBD0-9E92D6E4A1DF"></exclusiveGateway>
    <endEvent id="end" name="结束">
      <extensionElements>
        <activiti:executionListener event="start" class="com.newfiber.workflow.support.listener.WorkflowExecutionListener"></activiti:executionListener>
      </extensionElements>
    </endEvent>
    <sequenceFlow id="sid-3E46F923-3E3B-4C44-A5C9-107FAA2D6377" sourceRef="managerApprove" targetRef="sid-5645508A-B764-48DC-93F0-CC06C2FDC399"></sequenceFlow>
    <sequenceFlow id="sid-A07A51C1-B3D0-42B1-85F4-4953CCC8782B" name="通过" sourceRef="sid-5645508A-B764-48DC-93F0-CC06C2FDC399" targetRef="patrolerApprove">
      <conditionExpression xsi:type="tFormalExpression"><![CDATA[${approveResult=='true'}]]></conditionExpression>
    </sequenceFlow>
    <sequenceFlow id="sid-3B3EBDC7-F127-421F-8686-3D11744A18BE" name="不通过" sourceRef="sid-5645508A-B764-48DC-93F0-CC06C2FDC399" targetRef="chargerApprove1">
      <conditionExpression xsi:type="tFormalExpression"><![CDATA[${approveResult=='false'}]]></conditionExpression>
    </sequenceFlow>
    <sequenceFlow id="sid-582F404F-64B9-43E5-B8B8-DD6BD95D6477" name="不通过" sourceRef="sid-506505FD-FFAF-487E-B562-F6745CB55D1D" targetRef="managerApprove">
      <conditionExpression xsi:type="tFormalExpression"><![CDATA[${approveResult=='false'}]]></conditionExpression>
    </sequenceFlow>
    <sequenceFlow id="sid-054362D5-62D8-4F26-AE38-F2E05A391FA0" name="领导审核" sourceRef="sid-506505FD-FFAF-487E-B562-F6745CB55D1D" targetRef="leaderApprove">
      <conditionExpression xsi:type="tFormalExpression"><![CDATA[${approveResult=='approve'}]]></conditionExpression>
    </sequenceFlow>
    <sequenceFlow id="sid-29318C09-9AC3-414E-8E57-0B41D4635F33" sourceRef="leaderApprove" targetRef="sid-B282D6F1-4F44-4713-BBD0-9E92D6E4A1DF"></sequenceFlow>
    <sequenceFlow id="sid-C685AE75-6248-44E2-A566-27015151444C" name="通过" sourceRef="sid-B282D6F1-4F44-4713-BBD0-9E92D6E4A1DF" targetRef="end">
      <conditionExpression xsi:type="tFormalExpression"><![CDATA[${approveResult=='true'}]]></conditionExpression>
    </sequenceFlow>
    <sequenceFlow id="sid-1E08CC25-1F42-438D-952B-66AD05F561FC" name="不通过" sourceRef="sid-B282D6F1-4F44-4713-BBD0-9E92D6E4A1DF" targetRef="chargerApprove2">
      <conditionExpression xsi:type="tFormalExpression"><![CDATA[${approveResult=='false'}]]></conditionExpression>
    </sequenceFlow>
    <sequenceFlow id="sid-3A973104-1D75-4D0D-A63E-432EAFC4DDF1" name="不通过" sourceRef="sid-85338F1B-DA16-4F30-81BB-8B7F33BC8167" targetRef="end">
      <conditionExpression xsi:type="tFormalExpression"><![CDATA[${approveResult=='false'}]]></conditionExpression>
    </sequenceFlow>
    <sequenceFlow id="sid-D0F9F7A2-4315-4B6B-960C-8B75CFB41B82" sourceRef="chargerApprove1" targetRef="sid-85338F1B-DA16-4F30-81BB-8B7F33BC8167"></sequenceFlow>
    <sequenceFlow id="sid-94846EC2-0255-4492-B059-ACD500DC592E" name="提交" sourceRef="patrolerApprove" targetRef="chargerApprove2">
      <conditionExpression xsi:type="tFormalExpression"><![CDATA[${approveResult=='true'}]]></conditionExpression>
    </sequenceFlow>
    <sequenceFlow id="sid-5B7F67D5-9F6E-4219-B7E4-B6CA5A2FEC16" name="发现问题" sourceRef="patrolerStart" targetRef="chargerApprove1">
      <conditionExpression xsi:type="tFormalExpression"><![CDATA[${approveResult=='true'}]]></conditionExpression>
    </sequenceFlow>
    <sequenceFlow id="sid-BE1545B9-7480-4ADB-A77C-2DD96B5AD9CD" name="通过" sourceRef="sid-85338F1B-DA16-4F30-81BB-8B7F33BC8167" targetRef="managerApprove">
      <conditionExpression xsi:type="tFormalExpression"><![CDATA[${approveResult=='true'}]]></conditionExpression>
    </sequenceFlow>
    <sequenceFlow id="sid-D09A90F8-90FE-4A06-A027-C3A1EAD7F73E" name="通过" sourceRef="sid-506505FD-FFAF-487E-B562-F6745CB55D1D" targetRef="end">
      <conditionExpression xsi:type="tFormalExpression"><![CDATA[${approveResult=='true'}]]></conditionExpression>
    </sequenceFlow>
  </process>
  <bpmndi:BPMNDiagram id="BPMNDiagram_PatrolApply">
    <bpmndi:BPMNPlane bpmnElement="PatrolApply" id="BPMNPlane_PatrolApply">
      <bpmndi:BPMNShape bpmnElement="start" id="BPMNShape_start">
        <omgdc:Bounds height="30.0" width="30.0" x="125.0" y="130.49645639810223"></omgdc:Bounds>
      </bpmndi:BPMNShape>
      <bpmndi:BPMNShape bpmnElement="patrolerStart" id="BPMNShape_patrolerStart">
        <omgdc:Bounds height="79.99999999999999" width="100.0" x="200.0" y="105.49645639810224"></omgdc:Bounds>
      </bpmndi:BPMNShape>
      <bpmndi:BPMNShape bpmnElement="chargerApprove1" id="BPMNShape_chargerApprove1">
        <omgdc:Bounds height="80.0" width="100.0" x="386.5602915368927" y="105.49645639810223"></omgdc:Bounds>
      </bpmndi:BPMNShape>
      <bpmndi:BPMNShape bpmnElement="managerApprove" id="BPMNShape_managerApprove">
        <omgdc:Bounds height="80.0" width="100.0" x="642.7659713608552" y="105.49645639810223"></omgdc:Bounds>
      </bpmndi:BPMNShape>
      <bpmndi:BPMNShape bpmnElement="sid-5645508A-B764-48DC-93F0-CC06C2FDC399" id="BPMNShape_sid-5645508A-B764-48DC-93F0-CC06C2FDC399">
        <omgdc:Bounds height="39.999999999999986" width="40.0" x="793.4751947867155" y="125.49645639810224"></omgdc:Bounds>
      </bpmndi:BPMNShape>
      <bpmndi:BPMNShape bpmnElement="sid-85338F1B-DA16-4F30-81BB-8B7F33BC8167" id="BPMNShape_sid-85338F1B-DA16-4F30-81BB-8B7F33BC8167">
        <omgdc:Bounds height="39.999999999999986" width="40.0" x="537.2695149627532" y="125.4964563981023"></omgdc:Bounds>
      </bpmndi:BPMNShape>
      <bpmndi:BPMNShape bpmnElement="patrolerApprove" id="BPMNShape_patrolerApprove">
        <omgdc:Bounds height="80.0" width="100.0" x="883.9007288422317" y="105.49645639810223"></omgdc:Bounds>
      </bpmndi:BPMNShape>
      <bpmndi:BPMNShape bpmnElement="chargerApprove2" id="BPMNShape_chargerApprove2">
        <omgdc:Bounds height="79.99999999999999" width="100.0" x="1034.609952268092" y="105.49645639810224"></omgdc:Bounds>
      </bpmndi:BPMNShape>
      <bpmndi:BPMNShape bpmnElement="sid-506505FD-FFAF-487E-B562-F6745CB55D1D" id="BPMNShape_sid-506505FD-FFAF-487E-B562-F6745CB55D1D">
        <omgdc:Bounds height="40.0" width="40.0" x="1179.609952268092" y="125.49645639810223"></omgdc:Bounds>
      </bpmndi:BPMNShape>
      <bpmndi:BPMNShape bpmnElement="leaderApprove" id="BPMNShape_leaderApprove">
        <omgdc:Bounds height="80.0" width="100.0" x="1264.609952268092" y="105.49645639810223"></omgdc:Bounds>
      </bpmndi:BPMNShape>
      <bpmndi:BPMNShape bpmnElement="sid-B282D6F1-4F44-4713-BBD0-9E92D6E4A1DF" id="BPMNShape_sid-B282D6F1-4F44-4713-BBD0-9E92D6E4A1DF">
        <omgdc:Bounds height="39.999999999999986" width="40.0" x="1430.0" y="125.49645639810224"></omgdc:Bounds>
      </bpmndi:BPMNShape>
      <bpmndi:BPMNShape bpmnElement="end" id="BPMNShape_end">
        <omgdc:Bounds height="28.0" width="28.0" x="1534.1110919346042" y="131.49645639810225"></omgdc:Bounds>
      </bpmndi:BPMNShape>
      <bpmndi:BPMNEdge bpmnElement="sid-D0F9F7A2-4315-4B6B-960C-8B75CFB41B82" id="BPMNEdge_sid-D0F9F7A2-4315-4B6B-960C-8B75CFB41B82">
        <omgdi:waypoint x="486.5602915368927" y="145.70271132898455"></omgdi:waypoint>
        <omgdi:waypoint x="537.6866712519233" y="145.91361268727232"></omgdi:waypoint>
      </bpmndi:BPMNEdge>
      <bpmndi:BPMNEdge bpmnElement="sid-3A973104-1D75-4D0D-A63E-432EAFC4DDF1" id="BPMNEdge_sid-3A973104-1D75-4D0D-A63E-432EAFC4DDF1">
        <omgdi:waypoint x="557.7695149627532" y="125.9964563981023"></omgdi:waypoint>
        <omgdi:waypoint x="557.7695149627532" y="10.999999999999986"></omgdi:waypoint>
        <omgdi:waypoint x="1548.1110919346042" y="10.999999999999986"></omgdi:waypoint>
        <omgdi:waypoint x="1548.1110919346042" y="131.49645639810225"></omgdi:waypoint>
      </bpmndi:BPMNEdge>
      <bpmndi:BPMNEdge bpmnElement="sid-D09A90F8-90FE-4A06-A027-C3A1EAD7F73E" id="BPMNEdge_sid-D09A90F8-90FE-4A06-A027-C3A1EAD7F73E">
        <omgdi:waypoint x="1209.0897645518162" y="134.9762686818264"></omgdi:waypoint>
        <omgdi:waypoint x="1290.5555419921875" y="34.99999618530273"></omgdi:waypoint>
        <omgdi:waypoint x="1548.1110919346042" y="34.99999618530272"></omgdi:waypoint>
        <omgdi:waypoint x="1548.1110919346042" y="131.49645639810225"></omgdi:waypoint>
      </bpmndi:BPMNEdge>
      <bpmndi:BPMNEdge bpmnElement="sid-94846EC2-0255-4492-B059-ACD500DC592E" id="BPMNEdge_sid-94846EC2-0255-4492-B059-ACD500DC592E">
        <omgdi:waypoint x="983.9007288422317" y="145.49645639810223"></omgdi:waypoint>
        <omgdi:waypoint x="1034.609952268092" y="145.49645639810223"></omgdi:waypoint>
      </bpmndi:BPMNEdge>
      <bpmndi:BPMNEdge bpmnElement="sid-39A109CD-70E5-426A-A807-1B5B223DDA72" id="BPMNEdge_sid-39A109CD-70E5-426A-A807-1B5B223DDA72">
        <omgdi:waypoint x="155.0" y="145.49645639810223"></omgdi:waypoint>
        <omgdi:waypoint x="200.0" y="145.49645639810223"></omgdi:waypoint>
      </bpmndi:BPMNEdge>
      <bpmndi:BPMNEdge bpmnElement="sid-3B3EBDC7-F127-421F-8686-3D11744A18BE" id="BPMNEdge_sid-3B3EBDC7-F127-421F-8686-3D11744A18BE">
        <omgdi:waypoint x="812.5812977059638" y="164.6025593173506"></omgdi:waypoint>
        <omgdi:waypoint x="811.7373657226562" y="175.86758422851562"></omgdi:waypoint>
        <omgdi:waypoint x="811.7373657226562" y="251.49645639810223"></omgdi:waypoint>
        <omgdi:waypoint x="436.5602915368927" y="251.49645639810223"></omgdi:waypoint>
        <omgdi:waypoint x="436.5602915368927" y="185.49645639810223"></omgdi:waypoint>
      </bpmndi:BPMNEdge>
      <bpmndi:BPMNEdge bpmnElement="sid-A07A51C1-B3D0-42B1-85F4-4953CCC8782B" id="BPMNEdge_sid-A07A51C1-B3D0-42B1-85F4-4953CCC8782B">
        <omgdi:waypoint x="833.0547422643562" y="145.9169089204616"></omgdi:waypoint>
        <omgdi:waypoint x="883.9007288422317" y="145.70491909286434"></omgdi:waypoint>
      </bpmndi:BPMNEdge>
      <bpmndi:BPMNEdge bpmnElement="sid-3E46F923-3E3B-4C44-A5C9-107FAA2D6377" id="BPMNEdge_sid-3E46F923-3E3B-4C44-A5C9-107FAA2D6377">
        <omgdi:waypoint x="742.7659713608552" y="145.70271132898455"></omgdi:waypoint>
        <omgdi:waypoint x="793.8923510758856" y="145.91361268727226"></omgdi:waypoint>
      </bpmndi:BPMNEdge>
      <bpmndi:BPMNEdge bpmnElement="sid-EF543DE6-8A1E-45FC-A0C4-18C7C552936C" id="BPMNEdge_sid-EF543DE6-8A1E-45FC-A0C4-18C7C552936C">
        <omgdi:waypoint x="1134.609952268092" y="145.71290661455245"></omgdi:waypoint>
        <omgdi:waypoint x="1180.0229957463528" y="145.9094998763631"></omgdi:waypoint>
      </bpmndi:BPMNEdge>
      <bpmndi:BPMNEdge bpmnElement="sid-5B7F67D5-9F6E-4219-B7E4-B6CA5A2FEC16" id="BPMNEdge_sid-5B7F67D5-9F6E-4219-B7E4-B6CA5A2FEC16">
        <omgdi:waypoint x="300.0" y="145.49645639810223"></omgdi:waypoint>
        <omgdi:waypoint x="386.5602915368927" y="145.49645639810223"></omgdi:waypoint>
      </bpmndi:BPMNEdge>
      <bpmndi:BPMNEdge bpmnElement="sid-C685AE75-6248-44E2-A566-27015151444C" id="BPMNEdge_sid-C685AE75-6248-44E2-A566-27015151444C">
        <omgdi:waypoint x="1469.5978261062742" y="145.898630291828"></omgdi:waypoint>
        <omgdi:waypoint x="1534.111275601616" y="145.5681686187911"></omgdi:waypoint>
      </bpmndi:BPMNEdge>
      <bpmndi:BPMNEdge bpmnElement="sid-054362D5-62D8-4F26-AE38-F2E05A391FA0" id="BPMNEdge_sid-054362D5-62D8-4F26-AE38-F2E05A391FA0">
        <omgdi:waypoint x="1219.1932856014253" y="145.91312306476888"></omgdi:waypoint>
        <omgdi:waypoint x="1264.609952268092" y="145.71479700945594"></omgdi:waypoint>
      </bpmndi:BPMNEdge>
      <bpmndi:BPMNEdge bpmnElement="sid-29318C09-9AC3-414E-8E57-0B41D4635F33" id="BPMNEdge_sid-29318C09-9AC3-414E-8E57-0B41D4635F33">
        <omgdi:waypoint x="1364.609952268092" y="145.49645639810223"></omgdi:waypoint>
        <omgdi:waypoint x="1430.0" y="145.49645639810223"></omgdi:waypoint>
      </bpmndi:BPMNEdge>
      <bpmndi:BPMNEdge bpmnElement="sid-1E08CC25-1F42-438D-952B-66AD05F561FC" id="BPMNEdge_sid-1E08CC25-1F42-438D-952B-66AD05F561FC">
        <omgdi:waypoint x="1450.5" y="164.99645639810223"></omgdi:waypoint>
        <omgdi:waypoint x="1450.5" y="263.0"></omgdi:waypoint>
        <omgdi:waypoint x="1084.609952268092" y="263.0"></omgdi:waypoint>
        <omgdi:waypoint x="1084.609952268092" y="185.49645639810223"></omgdi:waypoint>
      </bpmndi:BPMNEdge>
      <bpmndi:BPMNEdge bpmnElement="sid-BE1545B9-7480-4ADB-A77C-2DD96B5AD9CD" id="BPMNEdge_sid-BE1545B9-7480-4ADB-A77C-2DD96B5AD9CD">
        <omgdi:waypoint x="576.8401487939665" y="145.92582256688905"></omgdi:waypoint>
        <omgdi:waypoint x="642.7659713608552" y="145.68164644432298"></omgdi:waypoint>
      </bpmndi:BPMNEdge>
      <bpmndi:BPMNEdge bpmnElement="sid-582F404F-64B9-43E5-B8B8-DD6BD95D6477" id="BPMNEdge_sid-582F404F-64B9-43E5-B8B8-DD6BD95D6477">
        <omgdi:waypoint x="1200.109952268092" y="125.99645639810223"></omgdi:waypoint>
        <omgdi:waypoint x="1200.109952268092" y="30.999999999999993"></omgdi:waypoint>
        <omgdi:waypoint x="692.7659713608552" y="30.999999999999993"></omgdi:waypoint>
        <omgdi:waypoint x="692.7659713608552" y="105.49645639810223"></omgdi:waypoint>
      </bpmndi:BPMNEdge>
    </bpmndi:BPMNPlane>
  </bpmndi:BPMNDiagram>
</definitions>